,total_spent,avg_spent,max_spent,n_transactions,n_unique_merchants,n_unique_categories,n_fraud,n_fraud,n_customers
,mean,mean,mean,mean,mean,mean,sum,mean,count
segment,,,,,,,,,
0,149841.91378698224,69.93331533657468,3827.3650887573963,2119.059171597633,621.4378698224853,14.0,213,1.2603550295857988,169
1,53517.476397058825,71.61710014393381,1863.2533823529411,756.7034313725491,423.1348039215686,14.0,2962,7.259803921568627,408
2,5898.948133333333,596.3274355923609,1064.3817333333334,9.88,9.706666666666667,5.013333333333334,741,9.88,75
3,131787.29302114804,70.52776859156906,3730.7572205438064,1900.5377643504532,606.2900302114804,14.0,3590,10.845921450151057,331
